{"schemaVersion":"1.0","appDefinitionTemplate":{"id":"/providers/Microsoft.PowerApps/apps/","type":"Microsoft.PowerApps/apps","tags":{"primaryDeviceWidth":"768","primaryDeviceHeight":"1366","sienaVersion":"20210824T012245Z-3.21081.49.0","deviceCapabilities":"","supportsPortrait":"true","supportsLandscape":"true","primaryFormFactor":"Tablet","publisherVersion":"3.21081.49","minimumRequiredApiVersion":"2.2.0","hasComponent":"false","hasUnlockedComponent":"false","isUnifiedRootApp":"false"},"properties":{"appVersion":"2021-08-24T01:22:45Z","lifeCycleId":"Published","createdByClientVersion":{"major":3,"minor":21081,"build":49,"revision":0,"majorRevision":0,"minorRevision":0},"minClientVersion":{"major":3,"minor":21081,"build":49,"revision":0,"majorRevision":0,"minorRevision":0},"backgroundColor":"rgba(209, 232, 178, 1)","backgroundImageUri":"/748833352242081448/N64d5aa80-e232-4a84-b901-dbea82ce8e29-logoSmallFile","displayName":"Jogo da memória - Machado","description":"","commitMessage":"","appUris":{"documentUri":{"value":"/748833352242081448/Nb0b4144b-3241-42b8-9c19-933147ffbbcb-document.msapp"},"imageUris":[]},"createdTime":"0001-01-01T00:00:00Z","lastModifiedTime":"0001-01-01T00:00:00Z","sharedGroupsCount":0,"sharedUsersCount":0,"icons":{"smallIconUri":"/748833352242081448/N075e6d3a-b01f-496e-9edc-03abe5881954-small.png","mediumIconUri":"/748833352242081448/N4edfca13-5d94-4fd6-be67-43cacf56d4d6-medium.png","largeIconUri":"/748833352242081448/N6e398505-57a0-4ed4-ab6c-8336d7da6c7b-large.png","wideIconUri":"/748833352242081448/Nc6c7c5d0-80d3-4353-a67d-70778ccafb5e-wide.png"},"connectionReferences":{},"databaseReferences":{},"almMode":"Environment","performanceOptimizationEnabled":true,"canConsumeAppPass":true,"executionRestrictions":{"isTeamsOnly":false,"dataLossPreventionEvaluationResult":{"status":"Compliant","lastEvaluationDate":"2021-08-23T04:51:54.1812986Z","violations":[],"violationsByPolicy":[],"violationErrorMessage":"The app uses the following connectors: ."}}},"appType":"ClassicCanvasApp","appComponents":[]}}